"07:32Paris Hilton among users targeted in TikTok hack,published at07:32Paris Hilton among users targeted in TikTok hack"
"00:18 4 JuneCan 'energy hog' hot tubs be greener?,published at00:18 4 JuneCan 'energy hog' hot tubs be greener?"
"06:13Doctor turns to YouTube to tackle misinformation,published at06:13Doctor turns to YouTube to tackle misinformation"
"22:12 2 JuneTikTok users being fed misleading election news, BBC finds,published at22:12 2 JuneTikTok users being fed misleading election news, BBC finds"
Latest News
"12:06 1 JuneSchool facing 'critical incident' after cyber attack,published at12:06 1 JuneSchool facing 'critical incident' after cyber attack"
"08:32 4 JuneChildren's addresses leaked in school cyber-attack,published at08:32 4 JuneChildren's addresses leaked in school cyber-attack"
"15:24 3 JuneShein to kick off plans for Â£50bn UK float,published at15:24 3 JuneShein to kick off plans for Â£50bn UK float"
"01:33 4 JuneBritish bank accused of helping to fund terrorists,published at01:33 4 JuneBritish bank accused of helping to fund terrorists"
"11:09 1 JuneVisiting fan fined for flying drone near TT course,published at11:09 1 JuneVisiting fan fined for flying drone near TT course"
Watch/Listen
Features & Analysis
"07:27 1 JuneTikTok: Why young people have to delay 'adulting',published at07:27 1 JuneTikTok: Why young people have to delay 'adulting'"
"18:53 3 JuneSidemen take on Love Island with Â£1m reality show,published at18:53 3 JuneSidemen take on Love Island with Â£1m reality show"
"06:10 4 JuneResearchers use AI to analyse cosmic explosions,published at06:10 4 JuneResearchers use AI to analyse cosmic explosions"
"16:11 4 JuneDestiny 2: Why The Final Shape is a big deal,published at16:11 4 JuneDestiny 2: Why The Final Shape is a big deal"
"06:14Australia drops case against X over stabbing videos,published at06:14Australia drops case against X over stabbing videos"
"05:58 4 JuneNew AI tech developed to detect heart failure earlier,published at05:58 4 JuneNew AI tech developed to detect heart failure earlier"
"20:02 4 JuneCanadian vlogger accused of sedition in Trinidad,published at20:02 4 JuneCanadian vlogger accused of sedition in Trinidad"
"11:14 2 JuneSantander staff and '30 million' customers hacked,published at11:14 2 JuneSantander staff and '30 million' customers hacked"
"10:17 3 JuneMrBeast overtakes T-Series for most YouTube subscribers,published at10:17 3 JuneMrBeast overtakes T-Series for most YouTube subscribers"
"18:27 4 JunePC who shared pro-Hamas messages sentenced,published at18:27 4 JunePC who shared pro-Hamas messages sentenced"
"22:59 31 MayTikTokers on why they have to delay âadultingâ Video, 00:00:44,published at22:59 31 MayTikTokers on why they have to delay âadultingâ"
"13:30 4 JuneInstagram tests forcing users to watch adverts,published at13:30 4 JuneInstagram tests forcing users to watch adverts"
"15:51 3 JuneDonald Trump joins TikTok despite previously wanting ban,published at15:51 3 JuneDonald Trump joins TikTok despite previously wanting ban"
"18:54 4 JuneCritical incident over London hospitals' cyber-attack,published at18:54 4 JuneCritical incident over London hospitals' cyber-attack"
"06:08 3 JuneMissing Cryptoqueenâs murky links to Bulgarian underworld,published at06:08 3 JuneMissing Cryptoqueenâs murky links to Bulgarian underworld"
